{
  "MAE": 4.272523765594734,
  "RMSE": 5.056959619352691,
  "R2": 0.5630949684117001
}